{"June 2020":341.11,"January 2018":5480.36,"November 2019":9824.970000000001,"October 2018":824.47,"October 2019":624.47,"December 2018":3280.58,"July 2020":260.0,"February 2020":1213.98,"May 2018":612.45,"September 2019":5519.0,"April 2018":4510.16,"July 2018":528.5699999999999,"August 2019":8229.6,"March 2019":789.3399999999999,"October 2020":1940.9199999999998,"September 2020":3911.78,"March 2018":398.22999999999996,"June 2019":1568.96,"March 2020":1450.8,"May 2020":1037.95,"May 2019":127.71,"June 2018":1102.8}